{
  "ie": {
    "6": 0,
    "7": 0.0006644903027133038,
    "8": 0,
    "9": 0,
    "10": 0,
    "11": 0.00044095209027979605,
    "5.5": 0
  },
  "edge": {
    "12": 0,
    "13": 0.0013626644456563141,
    "14": 0.00014698403009326535,
    "15": 0.0022139469532798093,
    "16": 0.004274785541879134,
    "17": 0.00014698403009326535,
    "18": 0.012827418792931011,
    "79": 0,
    "80": 0,
    "81": 0,
    "83": 0.00014698403009326535,
    "84": 0.001325918438132998,
    "85": 0.00007349201504663268,
    "86": 0.01596001593429373,
    "87": 0.0005144441053264286,
    "88": 0,
    "89": 0.0008819041805595921,
    "90": 0.0014024726204732402,
    "91": 0.0008084121655129595,
    "92": 0.005857926032675346,
    "93": 0.004568753602065665,
    "94": 0.0015096484757495794,
    "95": 0.012940718982794572,
    "96": 0.39260965521557983,
    "97": 1.1604481040882109,
    "98": 1.0105029582220248,
    "99": 1.2276167436735395
  },
  "firefox": {
    "2": 0,
    "3": 0,
    "4": 0,
    "5": 0,
    "6": 0,
    "7": 0,
    "8": 0,
    "9": 0,
    "10": 0,
    "11": 0,
    "12": 0,
    "13": 0,
    "14": 0,
    "15": 0,
    "16": 0,
    "17": 0,
    "18": 0,
    "19": 0,
    "20": 0,
    "21": 0,
    "22": 0,
    "23": 0,
    "24": 0,
    "25": 0,
    "26": 0,
    "27": 0,
    "28": 0,
    "29": 0,
    "30": 0,
    "31": 0,
    "32": 0,
    "33": 0,
    "34": 0.00007349201504663268,
    "35": 0,
    "36": 0,
    "37": 0,
    "38": 0,
    "39": 0,
    "40": 0,
    "41": 0,
    "42": 0,
    "43": 0,
    "44": 0,
    "45": 0,
    "46": 0,
    "47": 0,
    "48": 0,
    "49": 0,
    "50": 0.00011023802256994901,
    "51": 0,
    "52": 0.04482400484385871,
    "53": 0.00003674600752331634,
    "54": 0.0001837300376165817,
    "55": 0,
    "56": 0.0011054423929930998,
    "57": 0.000921712355376518,
    "58": 0.003059105126316085,
    "59": 0.00044095209027979605,
    "60": 0.004091055504262552,
    "61": 0.00003674600752331634,
    "62": 0.0032060891564093504,
    "63": 0.0001837300376165817,
    "64": 0.00003674600752331634,
    "65": 0.0009584583628998346,
    "66": 0.0012156804155630488,
    "67": 0.0023946148236027812,
    "68": 0.0037235954290293885,
    "69": 0,
    "70": 0.000921712355376518,
    "71": 0.00007349201504663268,
    "72": 0.011501500354798013,
    "73": 0.0001837300376165817,
    "74": 0.00014698403009326535,
    "75": 0.0003674600752331634,
    "76": 0.001913854558506059,
    "77": 0.00003674600752331634,
    "78": 0.01776363247022984,
    "79": 0.009364107583858448,
    "80": 0.00022047604513989803,
    "81": 0.0011421884005164162,
    "82": 0.0040543094967392355,
    "83": 0.0012524264230863653,
    "84": 0.0032060891564093504,
    "85": 0.0013626644456563141,
    "86": 0.00014698403009326535,
    "87": 0.0036501034139827565,
    "88": 0.014009415368264354,
    "89": 0.008773109296191775,
    "90": 0.006598970517728893,
    "91": 0.13867330805840863,
    "92": 0.0023609309833730746,
    "93": 0.008365841046141687,
    "94": 0.021083021816502748,
    "95": 0.872050126208756,
    "96": 1.5877827364133246,
    "97": 1.130007099022437,
    "98": 0.9447031074169397,
    "99": 0.002357868816079465,
    "100": 0.001031950377946467,
    "3.5": 0,
    "3.6": 0
  },
  "chrome": {
    "4": 0,
    "5": 0,
    "6": 0,
    "7": 0,
    "8": 0,
    "9": 0,
    "10": 0,
    "11": 0,
    "12": 0,
    "13": 0,
    "14": 0,
    "15": 0,
    "16": 0,
    "17": 0,
    "18": 0,
    "19": 0,
    "20": 0,
    "21": 0,
    "22": 0,
    "23": 0,
    "24": 0,
    "25": 0,
    "26": 0,
    "27": 0,
    "28": 0,
    "29": 0,
    "30": 0,
    "31": 0,
    "32": 0,
    "33": 0,
    "34": 0,
    "35": 0,
    "36": 0,
    "37": 0,
    "38": 0,
    "39": 0,
    "40": 0,
    "41": 0,
    "42": 0,
    "43": 0,
    "44": 0,
    "45": 0,
    "46": 0.000330714067709847,
    "47": 0.004755545806975856,
    "48": 0,
    "49": 0.03059717559774807,
    "50": 0.0006644903027133038,
    "51": 0.00022047604513989803,
    "52": 0.00014698403009326535,
    "53": 0.00040420608275647973,
    "54": 0,
    "55": 0.0010686963854697835,
    "56": 0.00011023802256994901,
    "57": 0.00007349201504663268,
    "58": 0.0039808174816926035,
    "59": 0,
    "60": 0.00003674600752331634,
    "61": 0.0003674600752331634,
    "62": 0.00011023802256994901,
    "63": 0.0006644903027133038,
    "64": 0.002321122808556149,
    "65": 0.0005879361203730614,
    "66": 0.0005879361203730614,
    "67": 0.0007379823177599364,
    "68": 0.004130863679079479,
    "69": 0.003500057216595881,
    "70": 0.007989194469027693,
    "71": 0.016881728289670245,
    "72": 0.0012524264230863653,
    "73": 0.003350011019209006,
    "74": 0.000771666157989643,
    "75": 0.014928065556347262,
    "76": 0.0019169167257996691,
    "77": 0.009103823363901621,
    "78": 0.003242835163932667,
    "79": 0.028239306781668607,
    "80": 0.01024294959712443,
    "81": 0.006301940290248753,
    "83": 0.014814765366483702,
    "84": 0.0020240925810760084,
    "85": 0.010392995794511304,
    "86": 0.006338686297772068,
    "87": 0.11330937636543953,
    "88": 0.010726772029514761,
    "89": 0.04754627156787773,
    "90": 0.010904377732544122,
    "91": 0.03940090656687594,
    "92": 0.030073544990540813,
    "93": 0.011979198452601127,
    "94": 0.049653042665881206,
    "95": 0.04504754305629222,
    "96": 3.0200471824860933,
    "97": 9.097708215816285,
    "98": 6.369761171467619,
    "99": 7.075263080744238,
    "100": 0.010172519749371405,
    "101": 0.005343481927348918,
    "102": 0
  },
  "safari": {
    "4": 0,
    "5": 0,
    "6": 0,
    "7": 0,
    "8": 0,
    "9": 0,
    "10": 0,
    "11": 0,
    "12": 0.013308179058027734,
    "13": 0.03077784346807104,
    "14": 0.15128025080619975,
    "15": 0.1280169658766469,
    "3.1": 0,
    "3.2": 0,
    "5.1": 0,
    "6.1": 0,
    "7.1": 0,
    "9.1": 0,
    "10.1": 0.00044095209027979605,
    "11.1": 0.004385023564449083,
    "12.1": 0.06682873901573798,
    "13.1": 0.18696062411133993,
    "14.1": 0.6135113416092896,
    "15.1": 0.5905114030669871,
    "15.2-15.3": 0,
    "15.4": 0.058570073824872636,
    "TP": 0
  },
  "opera": {
    "9": 0,
    "11": 0,
    "12": 0,
    "15": 0,
    "16": 0,
    "17": 0,
    "18": 0,
    "19": 0,
    "20": 0,
    "21": 0,
    "22": 0,
    "23": 0,
    "24": 0,
    "25": 0,
    "26": 0,
    "27": 0,
    "28": 0.0002572220526632143,
    "29": 0,
    "30": 0,
    "31": 0,
    "32": 0,
    "33": 0,
    "34": 0,
    "35": 0,
    "36": 0.0006644903027133038,
    "37": 0,
    "38": 0,
    "39": 0,
    "40": 0,
    "41": 0,
    "42": 0,
    "43": 0,
    "44": 0,
    "45": 0,
    "46": 0.00007349201504663268,
    "47": 0.0002572220526632143,
    "48": 0.00003674600752331634,
    "49": 0,
    "50": 0,
    "51": 0,
    "52": 0,
    "53": 0,
    "54": 0,
    "55": 0,
    "56": 0.00011023802256994901,
    "57": 0,
    "58": 0.000330714067709847,
    "60": 0,
    "62": 0,
    "63": 0,
    "64": 0,
    "65": 0,
    "66": 0,
    "67": 0,
    "68": 0,
    "69": 0,
    "70": 0,
    "71": 0,
    "72": 0.00003674600752331634,
    "73": 0,
    "74": 0.0003674600752331634,
    "75": 0.00003674600752331634,
    "76": 0,
    "77": 0,
    "78": 0.0005909982876666711,
    "79": 0.002838629081176187,
    "80": 0.001622948665613138,
    "81": 0.0005909982876666711,
    "82": 0.3607141206853412,
    "83": 0.2509446097113145,
    "9.5-9.6": 0,
    "10.0-10.1": 0,
    "10.5": 0,
    "10.6": 0,
    "11.1": 0,
    "11.5": 0,
    "11.6": 0,
    "12.1": 0
  },
  "ios_saf": {
    "8": 0,
    "3.2": 0,
    "4.0-4.1": 0,
    "4.2-4.3": 0,
    "5.0-5.1": 0.00007349201504663268,
    "6.0-6.1": 0,
    "7.0-7.1": 0,
    "8.1-8.4": 0,
    "9.0-9.2": 0,
    "9.3": 0,
    "10.0-10.2": 0.0014361564607029468,
    "10.3": 0.025063839298195355,
    "11.0-11.2": 0.011241216134841189,
    "11.3-11.4": 0.010322565946758282,
    "12.0-12.1": 0.0033530731865026157,
    "12.2-12.5": 0.48426644664790514,
    "13.0-13.1": 0.02388796705744923,
    "13.2": 0.006706146373005231,